{"cameraMode":{"drawMode":0,"name":"Shaded","section":"Shading Mode"},"sceneLighting":true,"audioPlay":false,"sceneViewState":{"showFog":true,"showMaterialUpdate":false,"showSkybox":true,"showFlares":true,"showImageEffects":true,"showParticleSystems":true},"in2DMode":false,"pivot":{"x":26.549402236938478,"y":16.27120018005371,"z":-22.971031188964845},"rotation":{"x":-0.26243430376052859,"y":0.3059544861316681,"z":-0.0881410613656044,"w":-0.9109217524528503},"size":3.036146640777588,"orthographic":false}