{"cameraMode":{"drawMode":0,"name":"Shaded","section":"Shading Mode"},"sceneLighting":true,"audioPlay":false,"sceneViewState":{"showFog":true,"showMaterialUpdate":false,"showSkybox":true,"showFlares":true,"showImageEffects":true,"showParticleSystems":true},"in2DMode":false,"pivot":{"x":1.0124285221099854,"y":16.32624053955078,"z":-16.630842208862306},"rotation":{"x":-0.11863544583320618,"y":-0.7224535942077637,"z":0.12810759246349336,"w":-0.6690213084220886},"size":7.61025333404541,"orthographic":false}