{"cameraMode":{"drawMode":0,"name":"Shaded","section":"Shading Mode"},"sceneLighting":true,"audioPlay":false,"sceneViewState":{"showFog":true,"showMaterialUpdate":false,"showSkybox":true,"showFlares":true,"showImageEffects":true,"showParticleSystems":true},"in2DMode":false,"pivot":{"x":2.06429386138916,"y":6.133862495422363,"z":1.9336423873901368},"rotation":{"x":-0.2957150638103485,"y":0.22231358289718629,"z":-0.07096616178750992,"w":-0.926348865032196},"size":8.344624519348145,"orthographic":false}