{"cameraMode":{"drawMode":2,"name":"Shaded Wireframe","section":"Shading Mode"},"sceneLighting":true,"audioPlay":false,"sceneViewState":{"showFog":true,"showMaterialUpdate":false,"showSkybox":true,"showFlares":true,"showImageEffects":true,"showParticleSystems":true},"in2DMode":false,"pivot":{"x":-0.11692358553409577,"y":-26.886512756347658,"z":10.136495590209961},"rotation":{"x":-0.6916788816452026,"y":-0.0006522522307932377,"z":0.0006240684306249023,"w":-0.7222073078155518},"size":27.423137664794923,"orthographic":false}