{"cameraMode":{"drawMode":2,"name":"Shaded Wireframe","section":"Shading Mode"},"sceneLighting":false,"audioPlay":false,"sceneViewState":{"showFog":true,"showMaterialUpdate":false,"showSkybox":false,"showFlares":true,"showImageEffects":true,"showParticleSystems":true},"in2DMode":false,"pivot":{"x":1.1835601329803467,"y":8.344902038574219,"z":-0.14213085174560548},"rotation":{"x":-0.15853887796401978,"y":0.034645434468984607,"z":-0.005566542502492666,"w":-0.9867292642593384},"size":2.1247451305389406,"orthographic":false}