{"cameraMode":{"drawMode":2,"name":"Shaded Wireframe","section":"Shading Mode"},"sceneLighting":true,"audioPlay":false,"sceneViewState":{"showFog":true,"showMaterialUpdate":false,"showSkybox":true,"showFlares":true,"showImageEffects":true,"showParticleSystems":true},"in2DMode":false,"pivot":{"x":7.258875846862793,"y":1.8277227878570557,"z":3.9573864936828615},"rotation":{"x":-0.008256405591964722,"y":0.9809518456459045,"z":-0.1894788146018982,"w":-0.042714495211839679},"size":3.9179208278656008,"orthographic":false}