{"cameraMode":{"drawMode":2,"name":"Shaded Wireframe","section":"Shading Mode"},"sceneLighting":false,"audioPlay":false,"sceneViewState":{"showFog":true,"showMaterialUpdate":false,"showSkybox":false,"showFlares":true,"showImageEffects":true,"showParticleSystems":true},"in2DMode":false,"pivot":{"x":1.9138067960739136,"y":0.7711976170539856,"z":-2.0988881587982179},"rotation":{"x":-0.05191019922494888,"y":0.784615159034729,"z":-0.06630714237689972,"w":-0.6142396926879883},"size":0.8517078757286072,"orthographic":false}