{"cameraMode":{"drawMode":2,"name":"Shaded Wireframe","section":"Shading Mode"},"sceneLighting":true,"audioPlay":false,"sceneViewState":{"showFog":true,"showMaterialUpdate":false,"showSkybox":true,"showFlares":true,"showImageEffects":true,"showParticleSystems":true},"in2DMode":false,"pivot":{"x":-2.2081074714660646,"y":0.4794045686721802,"z":1.206139087677002},"rotation":{"x":0.2833901345729828,"y":0.6328762173652649,"z":-0.26819124817848208,"w":0.668799638748169},"size":2.3024652004241945,"orthographic":false}