{"cameraMode":{"drawMode":2,"name":"Shaded Wireframe","section":"Shading Mode"},"sceneLighting":false,"audioPlay":false,"sceneViewState":{"showFog":true,"showMaterialUpdate":false,"showSkybox":false,"showFlares":true,"showImageEffects":true,"showParticleSystems":true},"in2DMode":false,"pivot":{"x":1.778011441230774,"y":1.275458812713623,"z":-1.6919081211090088},"rotation":{"x":0.09144432097673416,"y":-0.7626976370811462,"z":0.1105940043926239,"w":0.6306343078613281},"size":1.5339746475219727,"orthographic":false}