{"cameraMode":{"drawMode":2,"name":"Shaded Wireframe","section":"Shading Mode"},"sceneLighting":true,"audioPlay":false,"sceneViewState":{"showFog":true,"showMaterialUpdate":false,"showSkybox":true,"showFlares":true,"showImageEffects":true,"showParticleSystems":true},"in2DMode":false,"pivot":{"x":-19.702747344970704,"y":-3.256422996520996,"z":12.99075698852539},"rotation":{"x":-0.14744676649570466,"y":0.16093648970127107,"z":-0.024323007091879846,"w":-0.9755904674530029},"size":23.27019691467285,"orthographic":false}