{"cameraMode":{"drawMode":2,"name":"Shaded Wireframe","section":"Shading Mode"},"sceneLighting":false,"audioPlay":false,"sceneViewState":{"showFog":true,"showMaterialUpdate":false,"showSkybox":false,"showFlares":true,"showImageEffects":true,"showParticleSystems":true},"in2DMode":false,"pivot":{"x":1.1671781539916993,"y":1.5186141729354859,"z":-1.483456015586853},"rotation":{"x":-0.15610837936401368,"y":0.5980730652809143,"z":-0.1201833114027977,"w":-0.7768489122390747},"size":2.1247448921203615,"orthographic":false}