{"cameraMode":{"drawMode":2,"name":"Shaded Wireframe","section":"Shading Mode"},"sceneLighting":true,"audioPlay":false,"sceneViewState":{"showFog":true,"showMaterialUpdate":false,"showSkybox":true,"showFlares":true,"showImageEffects":true,"showParticleSystems":true},"in2DMode":false,"pivot":{"x":19.012836456298829,"y":7.847006320953369,"z":-18.014854431152345},"rotation":{"x":0.08101799339056015,"y":0.6798490881919861,"z":-0.0759960263967514,"w":0.724937379360199},"size":13.970125198364258,"orthographic":false}