{"cameraMode":{"drawMode":2,"name":"Shaded Wireframe","section":"Shading Mode"},"sceneLighting":true,"audioPlay":false,"sceneViewState":{"showFog":true,"showMaterialUpdate":false,"showSkybox":true,"showFlares":true,"showImageEffects":true,"showParticleSystems":true},"in2DMode":false,"pivot":{"x":22.03744125366211,"y":-0.29224681854248049,"z":-22.6727237701416},"rotation":{"x":0.16628392040729524,"y":0.6830155849456787,"z":-0.1641205996274948,"w":0.6920729279518127},"size":11.125237464904786,"orthographic":false}