{"cameraMode":{"drawMode":2,"name":"Shaded Wireframe","section":"Shading Mode"},"sceneLighting":true,"audioPlay":false,"sceneViewState":{"showFog":true,"showMaterialUpdate":false,"showSkybox":true,"showFlares":true,"showImageEffects":true,"showParticleSystems":true},"in2DMode":false,"pivot":{"x":9.52879524230957,"y":-2.787661552429199,"z":0.43494856357574465},"rotation":{"x":-0.18344436585903169,"y":-0.6906418800354004,"z":0.18803641200065614,"w":-0.6738315224647522},"size":21.91162109375,"orthographic":false}