{"cameraMode":{"drawMode":0,"name":"Shaded","section":"Shading Mode"},"sceneLighting":false,"audioPlay":false,"sceneViewState":{"showFog":true,"showMaterialUpdate":false,"showSkybox":false,"showFlares":true,"showImageEffects":true,"showParticleSystems":true},"in2DMode":false,"pivot":{"x":-3.949085235595703,"y":6.16797399520874,"z":6.607418060302734},"rotation":{"x":-0.10361966490745545,"y":0.008054140023887158,"z":-0.0008390998700633645,"w":-0.9945849776268005},"size":20.111331939697267,"orthographic":false}