{"cameraMode":{"drawMode":0,"name":"Shaded","section":"Shading Mode"},"sceneLighting":false,"audioPlay":false,"sceneViewState":{"showFog":true,"showMaterialUpdate":false,"showSkybox":false,"showFlares":true,"showImageEffects":true,"showParticleSystems":true},"in2DMode":false,"pivot":{"x":1.8114198446273804,"y":4.894979476928711,"z":2.6113319396972658},"rotation":{"x":-0.1808091104030609,"y":0.002063304651528597,"z":-0.0003793189243879169,"w":-0.9835163354873657},"size":18.13180923461914,"orthographic":false}